<application>
  <component name="BlazeWizardUserSettings">
    <settings>
      <entry key="blaze-wizard.last-imported-bazel-workspace" value="$USER_HOME$/src/credit_card::/Users/xzhang/Downloads/intellij-master::/Users/xzhang/src/brex-intellij-plugin::/Users/xzhang/src/rules_brex_core" />
      <entry key="import-from-workspace.last-workspace-path" value="brex.bazelproject" />
      <entry key="select-project-view.selected-option" value="import-from-workspace" />
      <entry key="select-workspace.selected-option" value="use-existing-bazel-workspace" />
    </settings>
  </component>
</application>