<application>
  <component name="GoSdkList">
    <sdk-url>
      <set>
        <option value="file://$USER_HOME$/go/go1.19.8" />
        <option value="file://$USER_HOME$/go/go1.20" />
        <option value="file://$USER_HOME$/go/go1.20.1" />
        <option value="file:///opt/homebrew/Cellar/go/1.19.3/libexec" />
        <option value="file:///opt/homebrew/Cellar/go/1.20.2/libexec" />
        <option value="file:///opt/homebrew/Cellar/go/1.20.3/libexec" />
        <option value="file:///opt/homebrew/Cellar/go/1.20.4/libexec" />
      </set>
    </sdk-url>
  </component>
</application>