<application>
  <component name="NodeJsLocalInterpreterManager">
    <local-interpreter path="$USER_HOME$/.nvm/versions/node/v19.4.0/bin/node">
      <version-cache version="19.4.0" last-modified="1672954276000" />
    </local-interpreter>
    <local-interpreter path="$USER_HOME$/.nvm/versions/node/v18.13.0/bin/node">
      <version-cache version="18.13.0" last-modified="1672958405000" />
    </local-interpreter>
    <local-interpreter path="$USER_HOME$/.nvm/versions/node/v16.20.1/bin/node">
      <version-cache version="16.20.1" last-modified="1687271898000" />
    </local-interpreter>
    <local-interpreter path="$USER_HOME$/.nvm/versions/node/v16.20.0/bin/node">
      <version-cache version="16.20.0" last-modified="1680035449000" />
    </local-interpreter>
  </component>
</application>